{"name":"renderer","content":{"@fortawesome/fontawesome-free":{"id":"@fortawesome/fontawesome-free","buildMeta":{"providedExports":true}},"@hot-loader/react-dom":{"id":"@hot-loader/react-dom","buildMeta":{"providedExports":true}},"connected-react-router":{"id":"connected-react-router","buildMeta":{"providedExports":true}},"core-js":{"id":"core-js","buildMeta":{"providedExports":true}},"devtron":{"id":"devtron","buildMeta":{"providedExports":true}},"electron-debug":{"id":"electron-debug","buildMeta":{"providedExports":true}},"electron-log":{"id":"electron-log","buildMeta":{"providedExports":true}},"electron-updater":{"id":"electron-updater","buildMeta":{"providedExports":true}},"history":{"id":"history","buildMeta":{"providedExports":true}},"immer":{"id":"immer","buildMeta":{"providedExports":true}},"react":{"id":"react","buildMeta":{"providedExports":true}},"react-dom":{"id":"react-dom","buildMeta":{"providedExports":true}},"react-hot-loader":{"id":"react-hot-loader","buildMeta":{"providedExports":true}},"react-redux":{"id":"react-redux","buildMeta":{"providedExports":true}},"react-router":{"id":"react-router","buildMeta":{"providedExports":true}},"react-router-dom":{"id":"react-router-dom","buildMeta":{"providedExports":true}},"redux":{"id":"redux","buildMeta":{"providedExports":true}},"redux-saga":{"id":"redux-saga","buildMeta":{"providedExports":true}},"redux-thunk":{"id":"redux-thunk","buildMeta":{"providedExports":true}},"relay-runtime":{"id":"relay-runtime","buildMeta":{"providedExports":true}},"source-map-support":{"id":"source-map-support","buildMeta":{"providedExports":true}}}}