{
  "GET_POS_GENERAL_CONFIG": "GET_POS_GENERAL_CONFIG",
  "EMPTY_CART": "EMPTY_CART",
  "RECEIVED_POST_GENERAL_CONFIG": "RECEIVED_POST_GENERAL_CONFIG",
  "UPDATE_IS_LOADING_SYSTEM_CONFIG": "UPDATE_IS_LOADING_SYSTEM_CONFIG",
  "FETCH_LIST_PRODUCT": "FETCH_LIST_PRODUCT",
  "RECEIVED_LIST_PRODUCT": "RECEIVED_LIST_PRODUCT",
  "ADD_TO_CART": "ADD_TO_CART",
  "ADD_ITEM_TO_CART": "ADD_ITEM_TO_CART",
  "UPDATE_ITEM_CART": "UPDATE_ITEM_CART",
  "UPDATE_CART_TOKEN_TO_CURRENT_CART": "UPDATE_CART_TOKEN_TO_CURRENT_CART",
  "CHECK_OUT_ACTION": "CHECK_OUT_ACTION",
  "HOLD_ACTION": "HOLD_ACTION",
  "SWITCH_TO_HOLD_ITEM_CART": "SWITCH_TO_HOLD_ITEM_CART",
  "CASH_CHECKOUT_ACTION": "CASH_CHECKOUT_ACTION",
  "UPDATE_SHOW_CASH_MODAL": "UPDATE_SHOW_CASH_MODAL",
  "CASH_CHECKOUT_PLACE_ORDER_ACTION": "CASH_CHECKOUT_PLACE_ORDER_ACTION",
  "UPDATE_MAIN_PRODUCT_LOADING": "UPDATE_MAIN_PRODUCT_LOADING",
  "UPDATE_CASH_PLACE_ORDER_LOADING": "UPDATE_CASH_PLACE_ORDER_LOADING",
  "PLACE_ORDER_SUCCESS": "PLACE_ORDER_SUCCESS",
  "SEARCH_ACTION": "SEARCH_ACTION",
  "GET_DEFAULT_PRODUCT": "GET_DEFAULT_PRODUCT",
  "RECEIVED_PRODUCT_RESULT": "RECEIVED_PRODUCT_RESULT",
  "RECEIVED_ORDER_PREPARING_CHECKOUT": "RECEIVED_ORDER_PREPARING_CHECKOUT",
  "UPDATE_CASH_LOADING_PREPARING_ORDER": "UPDATE_CASH_LOADING_PREPARING_ORDER",
  "UPDATE_MAIN_PANEL_TYPE": "UPDATE_MAIN_PANEL_TYPE",
  "GET_DETAIL_PRODUCT_CONFIGURABLE": "GET_DETAIL_PRODUCT_CONFIGURABLE",
  "GET_DETAIL_PRODUCT_BUNDLE": "GET_DETAIL_PRODUCT_BUNDLE",
  "GET_DETAIL_PRODUCT_GROUPED": "GET_DETAIL_PRODUCT_GROUPED",
  "UPDATE_IS_LOADING_PRODUCT_OPTION": "UPDATE_IS_LOADING_PRODUCT_OPTION",
  "UPDATE_IS_SHOWING_PRODUCT_OPTION": "UPDATE_IS_SHOWING_PRODUCT_OPTION",
  "UPDATE_CONFIGURABLE_PRODUCT_OPTION": "UPDATE_CONFIGURABLE_PRODUCT_OPTION",
  "ON_CONFIGURABLE_SELECT_ONCHANGE": "ON_CONFIGURABLE_SELECT_ONCHANGE",
  "ON_BUNDLE_SELECTED_RADIO_ONCHANGE": "ON_BUNDLE_SELECTED_ONCHANGE",
  "ON_BUNDLE_SELECTED_SELECT_ONCHANGE": "ON_BUNDLE_SELECTED_SELECT_ONCHANGE",
  "ON_BUNDLE_SELECTED_CHECKBOX_ONCHANGE": "ON_BUNDLE_SELECTED_CHECKBOX_ONCHANGE",
  "ON_BUNDLE_SELECTED_MULTIPLE_ONCHANGE": "ON_BUNDLE_SELECTED_MULTIPLE_ONCHANGE",
  "ON_BUNDLE_SELECTED_MULTIPLE_REMOVE_ITEM_ONCHANGE": "ON_BUNDLE_SELECTED_MULTIPLE_REMOVE_ITEM_ONCHANGE",
  "ON_BUNDLE_SELECTED_MULTIPLE_PUSH_ITEM_ONCHANGE": "ON_BUNDLE_SELECTED_MULTIPLE_PUSH_ITEM_ONCHANGE",
  "ON_GROUPED_QTY_CHANGE": "ON_GROUPED_QTY_CHANGE",
  "ON_BUNDLE_PRODUCT_QTY_ONCHANGE": "ON_BUNDLE_PRODUCT_QTY_ONCHANGE",
  "TOGGLE_MODAL_CUSTOMER": "TOGGLE_MODAL_CUSTOMER",
  "SEARCH_CUSTOMER": "SEARCH_CUSTOMER",
  "SELECT_CUSTOMER_FOR_CURRENT_CART": "SELECT_CUSTOMER_FOR_CURRENT_CART",
  "UN_SELECT_CUSTOMER_FOR_CURRENT_CART": "UN_SELECT_CUSTOMER_FOR_CURRENT_CART",
  "UPDATE_IS_GUEST_CUSTOMER_CURRENT_CART": "UPDATE_IS_GUEST_CUSTOMER_CURRENT_CART",
  "UPDATE_CART_ID_TO_CURRENT_CART": "UPDATE_CART_ID_TO_CURRENT_CART",
  "UPDATE_IS_LOADING_SEARCH_CUSTOMER": "UPDATE_IS_LOADING_SEARCH_CUSTOMER",
  "RECEIVED_CUSTOMER_SEARCH_RESULT": "RECEIVED_CUSTOMER_SEARCH_RESULT",
  "UPDATE_PRODUCT_OPTION_VALUE": "UPDATE_PRODUCT_OPTION_VALUE",
  "REMOVE_ITEM_OUT_CART": "REMOVE_ITEM_OUT_CART",
  "ACCESS_TOKEN_VALUE": "ACCESS_TOKEN_VALUE",
  "TYPE_ACCESS_AUTHENTICATION": "TYPE_ACCESS_AUTHENTICATION",
  "CLOSE_RECEIPT_MODAL": "CLOSE_RECEIPT_MODAL"
}
